{"stats":{"minecraft:killed_by":{"minecraft:zombie":1},"minecraft:killed":{"minecraft:bat":2,"minecraft:sheep":1,"minecraft:zombie":59,"minecraft:chicken":1},"minecraft:mined":{"minecraft:grass_block":3,"minecraft:dirt":1},"minecraft:used":{"minecraft:netherite_sword":134,"minecraft:water_bucket":3,"minecraft:enchanting_table":2,"minecraft:dropper":6,"minecraft:dispenser":65,"minecraft:redstone":415,"minecraft:ladder":22,"minecraft:oak_sign":9,"minecraft:chest":28,"minecraft:redstone_block":160,"minecraft:spruce_sign":8,"minecraft:oak_door":6,"minecraft:torch":721,"minecraft:jungle_wood":5,"minecraft:anvil":1,"minecraft:dirt":3,"minecraft:birch_pressure_plate":3,"minecraft:birch_sign":4,"minecraft:white_bed":16,"minecraft:oak_wood":12,"minecraft:stripped_spruce_log":1,"minecraft:piston":53,"minecraft:lever":22,"minecraft:lava_bucket":535,"minecraft:firework_rocket":75,"minecraft:command_block":77,"minecraft:acacia_door":15,"minecraft:mangrove_door":1,"minecraft:stripped_jungle_log":1,"minecraft:slime_block":27,"minecraft:heavy_weighted_pressure_plate":69,"minecraft:light_weighted_pressure_plate":70,"minecraft:grass_block":366,"minecraft:oak_button":4,"minecraft:spruce_pressure_plate":252,"minecraft:oak_pressure_plate":5,"minecraft:iron_door":58,"minecraft:stone_bricks":7306,"minecraft:bedrock":1243,"minecraft:birch_button":17,"minecraft:scaffolding":2,"minecraft:bucket":4,"minecraft:oak_hanging_sign":12,"minecraft:observer":4},"minecraft:custom":{"minecraft:inspect_dropper":1,"minecraft:interact_with_anvil":8,"minecraft:mob_kills":63,"minecraft:leave_game":8,"minecraft:time_since_death":427,"minecraft:sleep_in_bed":11,"minecraft:climb_one_cm":13492,"minecraft:time_since_rest":151,"minecraft:sprint_one_cm":186554,"minecraft:damage_taken":8145,"minecraft:walk_one_cm":1091311,"minecraft:drop":1147,"minecraft:damage_dealt":4244,"minecraft:fly_one_cm":1381997,"minecraft:open_chest":83,"minecraft:crouch_one_cm":46896,"minecraft:play_time":433840,"minecraft:deaths":83,"minecraft:sneak_time":27973,"minecraft:aviate_one_cm":537,"minecraft:jump":1978,"minecraft:walk_on_water_one_cm":2873,"minecraft:enchant_item":5,"minecraft:total_world_time":478085,"minecraft:inspect_dispenser":62,"minecraft:fall_one_cm":3923},"minecraft:dropped":{"minecraft:enchanted_book":1,"minecraft:water_bucket":3,"minecraft:spruce_sign":1,"minecraft:iron_ingot":1,"minecraft:stripped_spruce_log":1,"minecraft:anvil":1,"minecraft:lever":2,"minecraft:oak_pressure_plate":1,"minecraft:oak_hanging_sign":6,"minecraft:netherite_helmet":1,"minecraft:birch_pressure_plate":1,"minecraft:rotten_flesh":1879,"minecraft:jungle_wood":1,"minecraft:spectral_arrow":9297,"minecraft:observer":1,"minecraft:enchanted_golden_apple":49,"minecraft:slime_block":1,"minecraft:mangrove_door":1,"minecraft:command_block":2,"minecraft:bedrock":4,"minecraft:white_bed":3,"minecraft:oak_sign":3,"minecraft:netherite_leggings":1,"minecraft:light_weighted_pressure_plate":38,"minecraft:lava_bucket":1,"minecraft:oak_button":132,"minecraft:heavy_weighted_pressure_plate":2,"minecraft:torch":33,"minecraft:dispenser":2,"minecraft:dropper":1,"minecraft:spruce_pressure_plate":26,"minecraft:iron_door":8,"minecraft:netherite_boots":1,"minecraft:chest":136,"minecraft:ladder":2,"minecraft:birch_sign":3,"minecraft:stone_bricks":10,"minecraft:birch_button":196,"minecraft:arrow":64,"minecraft:redstone_block":3,"minecraft:redstone":176},"minecraft:picked_up":{"minecraft:enchanting_table":1,"minecraft:netherite_boots":3,"minecraft:anvil":5,"minecraft:feather":15,"minecraft:redstone_block":21,"minecraft:chicken":25,"minecraft:ladder":21,"minecraft:iron_door":79,"minecraft:water_bucket":24,"minecraft:enchanted_book":9,"minecraft:birch_button":1525,"minecraft:bedrock":7,"minecraft:heavy_weighted_pressure_plate":204,"minecraft:netherite_leggings":3,"minecraft:dirt":7,"minecraft:oak_hanging_sign":16,"minecraft:birch_pressure_plate":1,"minecraft:oak_sign":4,"minecraft:stone_bricks":28,"minecraft:netherite_sword":6,"minecraft:bucket":3,"minecraft:light_weighted_pressure_plate":385,"minecraft:iron_ingot":1,"minecraft:enchanted_golden_apple":1,"minecraft:chest":1312,"minecraft:spruce_pressure_plate":123,"minecraft:oak_door":24,"minecraft:torch":1084,"minecraft:oak_pressure_plate":1,"minecraft:stripped_spruce_log":1,"minecraft:white_bed":15,"minecraft:grass_block":3,"minecraft:redstone":1287,"minecraft:spectral_arrow":12283,"minecraft:dispenser":1,"minecraft:arrow":64,"minecraft:command_block":20,"minecraft:rotten_flesh":2114,"minecraft:slime_block":22,"minecraft:netherite_helmet":6,"minecraft:lever":20,"minecraft:birch_sign":2,"minecraft:spruce_sign":2,"minecraft:oak_button":4,"minecraft:netherite_chestplate":5,"minecraft:mutton":2,"minecraft:white_wool":1}},"DataVersion":3700}